"0","# Eta Squares Table"
"0","sqr<- c(partialE_cond_vd_d,partialE_Pers_vd_d,partialE_inter_vd_d,partialE_cond_vd_rt,partialE_Pers_vd_rt,partialE_inter_vd_rt,"
"0","                partialE_cond_acc_IM,partialE_Pers_acc_IM,partialE_inter_acc_IM,partialE_cond_rt_IM,partialE_Pers_rt_IM,partialE_inter_rt_IM)"
"0","nm <- c(""VideoMemory_Dprime_Order"",""VideoMemory_Dprime_Pers"",""VideoMemory_Dprime_Inter"",""VideoMemory_RT_Order"",""VideoMemory_RT_Pers"",""VideoMemory_RT_Inter"","
"0","                ""ImageMemory_Accuracy_Order"",""ImageMemory_Accuracy_Pers"",""ImageMemory_Accuracy_Inter"",""ImageMemory_RT_Order"",""ImageMemory_RT_Pers"",""ImageMemory_RT_Inter"")"
"0","SqrTable <- data.frame(row.names = c(""name"",""eta_sq""))"
"0","SqrTable <- data.frame(name = nm,eta_sq = sqr)"
