{"chunk_definitions":[{"row":33,"row_count":1,"visible":true,"expansion_state":0,"options":{"engine":"r","label":"setup","include":false,"message":false},"document_id":"E74E9246","chunk_id":"csetup_chunk","chunk_label":"setup"},{"row":258,"row_count":1,"visible":true,"expansion_state":0,"options":{"engine":"r","label":"etas6","include":false},"document_id":"E74E9246","chunk_id":"cak3bzjgo2y42","chunk_label":"etas6"},{"row":262,"row_count":1,"visible":true,"expansion_state":0,"options":{"engine":"r","label":"Eta sqr tables"},"document_id":"E74E9246","chunk_id":"cytfop1rtyblg","chunk_label":"Eta sqr tables"}],"doc_write_time":1683932438}