{"chunk_definitions":[{"row":36,"row_count":1,"visible":true,"expansion_state":0,"options":{"engine":"r","label":"setup","include":false,"message":false},"document_id":"E74E9246","chunk_id":"csetup_chunk","chunk_label":"setup"},{"row":166,"row_count":1,"visible":true,"expansion_state":0,"options":{"engine":"ANOVAs","label":"unnamed-chunk-1"},"document_id":"E74E9246","chunk_id":"cmmbzw5tdcled","chunk_label":"ANOVAs"}],"doc_write_time":1682533548,"working_dir":null,"default_chunk_options":{"root.dir":"/Users/zeynepgunesozkan/Desktop/Prof. Candan/proje Ayşe Hoca/Perspective Memory Project"}}